{"cameraMode":{"drawMode":0,"name":"Shaded","section":"Shading Mode"},"sceneLighting":false,"audioPlay":false,"sceneViewState":{"m_AlwaysRefresh":false,"showFog":true,"showSkybox":false,"showFlares":true,"showImageEffects":true,"showParticleSystems":true,"showVisualEffectGraphs":true,"m_FxEnabled":true},"in2DMode":false,"pivot":{"x":6.035238265991211,"y":9.559532165527344,"z":0.5967269539833069},"rotation":{"x":0.1891336888074875,"y":0.14084093272686006,"z":-0.027423515915870668,"w":0.9713337421417236},"size":1.2247449159622193,"orthographic":false}