{"cameraMode":{"drawMode":0,"name":"Shaded","section":"Shading Mode"},"sceneLighting":true,"audioPlay":false,"sceneViewState":{"m_AlwaysRefresh":false,"showFog":true,"showSkybox":true,"showFlares":true,"showImageEffects":true,"showParticleSystems":true,"showVisualEffectGraphs":true,"m_FxEnabled":true},"in2DMode":false,"pivot":{"x":0.6000000238418579,"y":3.4600000381469728,"z":3.3499999046325685},"rotation":{"x":-0.25682464241981509,"y":0.6716820597648621,"z":-0.2693003714084625,"w":-0.6405791640281677},"size":0.8660253882408142,"orthographic":false}