{"cameraMode":{"drawMode":0,"name":"Shaded","section":"Shading Mode"},"sceneLighting":true,"audioPlay":false,"sceneViewState":{"m_AlwaysRefresh":false,"showFog":true,"showSkybox":true,"showFlares":true,"showImageEffects":true,"showParticleSystems":true,"showVisualEffectGraphs":true,"m_FxEnabled":true},"in2DMode":false,"pivot":{"x":-4.982443809509277,"y":4.7184343338012699,"z":15.728586196899414},"rotation":{"x":0.2344304919242859,"y":0.28508543968200686,"z":-0.07206721603870392,"w":0.926493763923645},"size":1.2817891836166382,"orthographic":false}