{"cameraMode":{"drawMode":0,"name":"Shaded","section":"Shading Mode"},"sceneLighting":true,"audioPlay":false,"sceneViewState":{"m_AlwaysRefresh":false,"showFog":true,"showSkybox":true,"showFlares":true,"showImageEffects":true,"showParticleSystems":true,"showVisualEffectGraphs":true,"m_FxEnabled":true},"in2DMode":false,"pivot":{"x":-5.566577434539795,"y":5.410309314727783,"z":-6.1195759773254398},"rotation":{"x":0.047384534031152728,"y":0.19204504787921906,"z":-0.009284294210374356,"w":0.9801096320152283},"size":0.8660253882408142,"orthographic":false}